barcodes	celltype_final	UMAP_1	UMAP_2
AAACCCATCGAGATAA	T.NK.cells	1.74618306103578	-7.66849458937194
AAACCCATCTATCGGA	HGSOC	3.44812836590639	11.1719413923785
AAACGCTAGGAGGTTC	HGSOC	3.56483616772524	10.7249637770221
AAAGGATCAATTGCCA	T.NK.cells	2.37641718331209	-8.8271430802777
AAAGGGCAGGACTATA	Mast.cells	-15.2149504190362	3.70410262818787
AAAGGTATCCCATACC	T.NK.cells	2.23564734402529	-8.97873914961364
AAAGTGAGTTTGTTCT	T.NK.cells	1.11177328554398	-9.48696554426696
AAAGTGATCCAACTGA	HGSOC	5.6991869443976	13.9554897474811
AAATGGAAGGTCGAGT	Fibroblasts	9.86666598263613	5.57914005990479
AACAACCTCAGGAAGC	T.NK.cells	-1.17222008761534	-6.36177290205505
AACAGGGCAAGCGCAA	Mesothelial.cells	6.41780867520204	5.51253997559998
AACCCAATCGACTCCT	HGSOC	-13.2569826608575	4.85946428056214
AACCCAATCGGAGTGA	Myeloid.cells	-15.5890863901056	4.64018975968812
AACCTGAGTGCGGTAA	uncertain	NA	NA
AACCTTTTCTGCAGCG	T.NK.cells	1.32992156687609	-7.92540777449157
AAGACTCCAAGTCATC	Mesothelial.cells	6.9471289152228	4.72285901780579
AAGATAGTCCTCGCAT	T.NK.cells	2.94621839466921	-8.60068453077819
AAGCCATGTGCGGTAA	T.NK.cells	2.09396907034746	-9.01310384993102
AAGCGAGTCAACTGGT	uncertain	NA	NA
AAGCGTTGTTGGAGAC	T.NK.cells	NA	NA
AAGTCGTGTCTGTGGC	T.NK.cells	-1.2039793497003	-9.10649622206237
AAGTTCGTCCATAGAC	T.NK.cells	2.16797544899813	-7.45496118788268
AATAGAGTCTGAACGT	HGSOC	5.19260706845156	14.1686540770099
AATGAAGAGTTCCGTA	Mesothelial.cells	NA	NA
AATGACCAGATGGCAC	Mesothelial.cells	6.68672242108217	4.65657650704835
AATGCCAAGACATATG	T.NK.cells	1.81229808274141	-8.26037920240905
ACAAGCTCACAAAGTA	T.NK.cells	1.78525551501146	-8.98587263350036
ACACCAAAGATAGTGT	B.cells	-1.58938322123655	-6.83004129652526
ACACCAAAGGTCCAGA	Myeloid.cells	-14.1917913919366	3.98098646874879
ACAGAAACAACGTAAA	Myeloid.cells	-13.982018328277	4.84895025964234
ACAGAAATCCGATGTA	B.cells	-1.67956266459593	-6.68526399855163
ACAGCCGAGCCACTCG	T.NK.cells	-1.45918188151487	-8.89836347822692
ACATCCCAGCCACCGT	T.NK.cells	-0.795422173110333	-7.94685972456481
ACATCCCAGCCTTTCC	T.NK.cells	1.3125820094668	-7.10282743696716
ACATGCAAGTTCACTG	T.NK.cells	2.39708521309725	-7.27500665907409
ACATGCAGTACGGATG	Mast.cells	-14.2870996957696	4.55138980622742
ACCAACATCTAATTCC	T.NK.cells	2.16071011963716	-8.58374441389587
ACCATTTCATAACCCA	T.NK.cells	1.18497162404886	-7.09610307936217
ACCCAAACAAAGCAAT	Fibroblasts	8.9533111089789	5.3868712114856
ACCCTCATCGGTAGGA	T.NK.cells	0.899201446207675	-9.1370967698529
ACCCTTGAGTCCGCCA	T.NK.cells	-1.22544965800413	-6.44720113997009
ACCGTTCGTTACCCAA	T.NK.cells	0.719340109261188	-6.53653658155944
ACCTGTCCATCTTAGG	T.NK.cells	-0.469242549506513	-7.60511816267516
ACGATGTAGAGAGCCT	Mesothelial.cells	6.80182518902651	4.76316630120728
ACGATGTCAGATCCAT	T.NK.cells	1.02849052939049	-7.92051065687682
ACGATGTTCTTGAACG	T.NK.cells	2.6858208412253	-9.39084089521911
ACGCACGGTAGCTTGT	T.NK.cells	-1.63204202708372	-6.18251837019469
ACGCACGGTCCAAATC	B.cells.naive	-2.58851490077147	-8.38090456251647
ACGGGTCAGACTGAGC	T.NK.cells	0.623805337580356	-6.790242559953
ACGGGTCCAGGCCCTA	uncertain	NA	NA
ACGGTCGCAAGCGGAT	T.NK.cells	2.6485209697806	-8.72860849623229
ACGTAACCATTGGCAT	HGSOC	3.60078396740786	10.8749548124835
ACGTCCTCAGCCTTCT	T.NK.cells	0.821852081450137	-7.83443964247253
ACGTTCCCAGATGCGA	T.NK.cells	NA	NA
ACGTTCCGTACATTGC	Myeloid.cells	-15.3972452646173	3.55690514321778
ACTACGACACACCGCA	uncertain	NA	NA
ACTACGACAGAGGAAA	T.NK.cells	2.36592390480867	-8.76523817305114
ACTATCTGTCGCACGT	HGSOC	3.34223236981264	12.3453994917438
ACTATGGGTGGAACAC	T.NK.cells	-1.45816550311216	-6.31228006605651
ACTATTCGTAGAGTTA	HGSOC	5.29357590618959	13.350946061568
ACTGCAATCTCCCAAC	T.NK.cells	0.754616999062213	-9.45130861525085
ACTGTCCAGGCTTAAA	Endothelial.cells	8.5357462400519	6.19208823914979
ACTTAGGGTTACGTAC	T.NK.cells	1.89027746859423	-8.72418154005553
ACTTCCGGTGTGAGCA	HGSOC	-13.3991344934381	4.83026038880799
ACTTTGTTCATGCATG	T.NK.cells	0.954784461291942	-8.03858221296813
AGAAATGGTCGGTGAA	HGSOC	4.51458277645937	12.9700742888019
AGAACCTGTCAAATCC	Mast.cells	-15.6643866067804	4.53924261804078
AGAACCTTCAAAGAAC	Myeloid.cells	-13.7257574563898	4.49850832696412
AGAGAGCGTGACCTGC	HGSOC	3.25383057537905	12.1503978895709
AGAGCCCGTCTACTGA	Mast.cells	-14.7472551828302	5.13876449342225
AGATGAAAGATTCGAA	Myeloid.cells	-14.8250292306817	3.20443927522157
AGATGCTAGTTTCGAC	T.NK.cells	0.155948364170703	-8.4342159104779
AGATGCTCAGGAAGTC	Mesothelial.cells	6.50867953244081	5.14858137841676
AGATGCTCAGTATTCG	T.NK.cells	2.65125753823152	-8.87389505629089
AGATGCTGTGCCGTTG	T.NK.cells	2.38607385102144	-8.33532465223815
AGCCACGAGCTGTCCG	HGSOC	5.52784314099184	14.1983419584796
AGCGATTCAAGCGCTC	T.NK.cells	-1.08464584406981	-8.56909120802428
AGCGCTGAGAAACCCG	B.cells	-3.2953346734918	-8.37255800489928
AGCGTATAGGCGTTGA	HGSOC	3.12640943470827	12.2270494627521
AGCGTATCAGTTCACA	T.NK.cells	-0.360418534842816	-8.475150473161
AGCTCAAGTAACTGCT	T.NK.cells	-0.607101655570355	-8.47489393476989
AGGACGAGTACAGAAT	HGSOC	4.01227321568361	11.0039478468463
AGGACTTCAATTGCCA	B.cells	-3.50898728427061	-8.49681413893249
AGGCATTTCGCTGACG	T.NK.cells	1.37310873809687	-9.57365358595397
AGGCCACAGCCAGAGT	Myeloid.cells	NA	NA
AGGGAGTGTTCATCGA	T.NK.cells	NA	NA
AGGGTCCCACTACACA	HGSOC	3.82287778797975	11.1210724043414
AGGTCATTCCTCACTG	uncertain	NA	NA
AGGTTGTAGAGGACTC	T.NK.cells	0.415887140663775	-6.62185419325378
AGTACTGAGTCACTCA	Myeloid.cells	-14.8159359460748	4.69944726701234
AGTAGTCTCAGTCATG	T.NK.cells	2.28269126358858	-7.31601370100524
AGTCTCCAGACATATG	B.cells	5.71685614529482	13.0094228910968
AGTCTCCTCCGTGACG	T.NK.cells	-1.25984511431822	-8.10877931837585
AGTCTCCTCGTCTAAG	Mesothelial.cells	6.46615757885805	4.46920096154664
AGTGACTCACAACCGC	T.NK.cells	2.87322535458437	-7.75105131392028
AGTGACTCAGACCATT	T.NK.cells	1.89187481346956	-7.23628843550231
AGTGTTGTCTGTTGGA	Fibroblasts	9.05009903851381	5.66612898583863
ATACCTTCAGAGGTAC	HGSOC	3.34099187794557	10.9930845427081
ATACTTCCATAATCGC	T.NK.cells	0.576236211689624	-7.01891840223815
ATAGGCTGTCCAGGTC	T.NK.cells	-1.40305767115721	-8.18089903120544
ATCACAGTCACTACTT	T.NK.cells	-0.577815747824994	-9.20424974684264
ATCACTTGTTCGAAGG	T.NK.cells	2.03454967680803	-9.61844003920104
ATCATTCGTTTGATCG	Mesothelial.cells	7.26567282620302	4.77134572740052
ATCCACCTCGTAACTG	Myeloid.cells	-14.5080460077203	4.69881808038209
ATCCATTCACTCTGCT	Myeloid.cells	-15.205762720672	3.3423669266269
ATCGGATCAGGCTATT	T.NK.cells	0.274975382717761	-9.36297262434509
ATCGTAGCAAAGCGTG	T.NK.cells	2.61341311875215	-9.1868490052655
ATCGTGATCTTGATTC	T.NK.cells	-1.28836808261046	-7.42598093275573
ATCTCTACACGTTCGG	T.NK.cells	1.36491832974783	-9.10938490156676
ATCTCTACATGATCTG	Fibroblasts	9.53681101742617	5.94088541741822
ATGAGGGAGCTCTTCC	HGSOC	5.34006133023134	13.7071376966998
ATGATCGGTGCAGTGA	T.NK.cells	2.79385378304354	-8.25651396040466
ATGCGATCAGAAATCA	Mesothelial.cells	6.52398505154482	5.54316245789979
ATGGAGGGTCGATTCA	T.NK.cells	3.05798890534273	-8.14480531935241
ATGGAGGTCTCCGAGG	HGSOC	5.37007250729433	13.9431387114093
ATGGTTGGTGGTCTTA	HGSOC	5.70182290020815	14.2847992109821
ATTACTCAGGTACAGC	HGSOC	5.16959061566225	14.0121790098712
ATTCATCGTCAATCTG	HGSOC	5.57333769741884	13.6548305677936
ATTCCTATCACACCCT	T.NK.cells	-1.79574022349485	-6.39640463118102
ATTCGTTGTCAATCTG	T.NK.cells	1.37645506206385	-8.43234480146911
ATTCTTGCAATCTCGA	B.cells	-2.64053878840574	-8.4015067887738
ATTGGGTTCATGTCAG	T.NK.cells	2.76029243412844	-8.34820593122985
ATTTCACCAATCGCCG	HGSOC	3.39141764584413	10.9676262068317
ATTTCTGCAGACCAGA	T.NK.cells	-1.11206755694517	-6.64872110609557
CAACAACAGAGGCTGT	Monocytes	-13.4363344674982	3.72853767152284
CAACAACGTCCAGCGT	T.NK.cells	0.923537337216052	-7.48699415449645
CAACAACGTGCAACAG	T.NK.cells	-0.237263179389325	-6.95259989027526
CAACAGTTCTCTGAGA	T.NK.cells	1.97562333289019	-8.49974764112975
CAACGATAGCGCTGCT	T.NK.cells	NA	NA
CAACGATTCATTCACT	T.NK.cells	0.919768818648967	-8.18136060957458
CAACGGCCAATAGTAG	HGSOC	3.98780837002626	11.8118425535724
CAATGACAGACTCAAA	HGSOC	NA	NA
CACAGATCATGGCCAC	HGSOC	5.20022358837953	14.0585209059284
CACAGGCGTTCCGGTG	T.NK.cells	-0.572510576812116	-8.55895746473815
CACCAAAGTCAGCTTA	Myeloid.cells	-14.9625357156671	4.49959480042908
CACGTTCAGCCTCACG	Mast.cells	-15.5852011209405	4.24569927926514
CACGTTCAGCTGAAAT	Myeloid.cells	-13.7772806650079	4.78086053605531
CACTAAGGTGACATCT	Myeloid.cells	-14.3851221567071	3.57991539712403
CACTGAAAGCTGGAGT	T.NK.cells	0.340731465252551	-8.78810919050719
CACTGAAGTGGCTGCT	B.cells	-13.4205187326349	4.83584677453492
CACTGGGAGTAGTGCG	Mast.cells	-15.4547995096124	4.09063135858033
CACTGTCCACAGTCGC	HGSOC	4.37112250271669	13.0394474196002
CACTTCGGTCGAATGG	T.NK.cells	-1.56212887820372	-6.40758932356384
CAGAGCCAGGCTCAAG	T.NK.cells	0.857133441599521	-9.44203031782653
CAGAGCCGTACTCCGG	Myeloid.cells	-14.744201517669	4.16753207917664
CAGAGCCGTGAGATTA	T.NK.cells	2.01822467985979	-9.0565713715985
CAGATACAGCATCCCG	T.NK.cells	-0.711318111983624	-7.87472379927184
CAGCACGAGCTCAGAG	T.NK.cells	NA	NA
CAGCACGGTTGCTGAT	T.NK.cells	2.75016632023683	-7.65147436384704
CAGCAGCAGCCATTGT	HGSOC	5.66862549725405	13.4008451628253
CAGCAGCCAGGCTCTG	T.NK.cells	0.633619510563525	-8.88705194716003
CAGCCAGAGCATCAGG	HGSOC	8.05166163388124	5.15795933480714
CAGCCAGCAGTCAGCC	HGSOC	3.46747078839174	10.7266861128375
CAGCGTGCAGTGTGCC	T.NK.cells	0.77965211215845	-8.83005846266296
CAGCGTGTCTTGGTCC	T.NK.cells	2.86345031205049	-8.03788793806579
CAGGCCACATCTAACG	T.NK.cells	1.54801618400446	-8.02366007093932
CAGTTAGGTTGTGTTG	Endothelial.cells	8.51543250027529	5.44849716897462
CATAGACTCTTTGATC	Mesothelial.cells	6.44208683911196	4.77399813409303
CATCAAGAGCTACTAC	Mesothelial.cells	6.4987679952704	4.64455687280152
CATCCACTCGTCGATA	HGSOC	5.73286881390444	14.3533083128497
CATCCCACACTGTTCC	T.NK.cells	-1.48731145915159	-8.11535585646178
CATCCGTAGGCTCTCG	T.NK.cells	-1.82373366412291	-6.40845525984313
CATCCGTTCAGGTGTT	T.NK.cells	-0.350270724860517	-8.25029218916442
CATCGCTGTGACTATC	T.NK.cells	-0.442696309653607	-6.5070861649945
CATGAGTGTCTGCGCA	Myeloid.cells	-13.6210039621271	4.64869248147462
CATGCAAAGCTCCGAC	Fibroblasts	10.0226260656439	5.39981209512208
CATGCAATCAGAGTTC	uncertain	NA	NA
CATGCGGGTTACCTGA	B.cells	-3.35578475054869	-8.48233831648376
CATGGATCAGTCGCTG	T.NK.cells	1.97206332627169	-7.77550829176452
CATTCATTCAGTAGGG	T.NK.cells	2.66032686177126	-7.77509058241393
CATTGAGCACAACCGC	B.cells	-1.46109638270506	-6.26355112318542
CATTGAGTCCTACCGT	T.NK.cells	0.420266413124713	-6.92181623701598
CATTGTTGTATCGATC	uncertain	NA	NA
CATTTCACATGACGTT	T.NK.cells	-0.420991278258649	-6.83139646772887
CATTTCAGTCTTACAG	HGSOC	5.73108401242128	14.1080070662067
CCAAGCGCAACCGACC	T.NK.cells	2.40153553429476	-7.55421007399108
CCACAAACACTTGGGC	Mesothelial.cells	6.39201846066347	5.1272128748462
CCATAAGTCAGTCATG	Myeloid.cells	-15.2133387094415	3.4472880291507
CCATCACTCTATCGTT	HGSOC	5.82728352490297	13.1824537443683
CCCATTGCAATACCCA	T.NK.cells	-0.793344712821332	-8.23994863752868
CCCATTGGTGTGCCTG	Myeloid.cells	-14.6611469751275	5.06373249764893
CCCTAACCAGGACATG	Mast.cells	-14.302403307525	4.32281409974549
CCCTCAAGTCATAACC	T.NK.cells	0.764211141499194	-7.37259042982604
CCCTCTCAGACTTCGT	Mesothelial.cells	6.71770682278505	4.56105338807557
CCCTCTCTCATGGTAC	B.cells	-1.38743600901732	-6.24653089766051
CCGATCTTCTAGTCAG	Mesothelial.cells	6.1297608846747	4.83368288751099
CCGATGGGTTGCATAC	Myeloid.cells	-15.28617844638	4.02037917848084
CCGATGGTCGCTACAA	T.NK.cells	2.76670041027895	-8.43874586348083
CCGCAAGAGTCTTGGT	T.NK.cells	0.226250194939288	-8.97607172255065
CCGGACAAGGCTTTCA	T.NK.cells	1.95718439761034	-8.67316663984801
CCGGTAGCAACTCGTA	T.NK.cells	-0.160982466307965	-9.15222872023132
CCGGTGATCCGTAGGC	Myeloid.cells	-14.353859758941	5.09942089791749
CCGTAGGCACCTCAGG	HGSOC	4.95535626355043	13.2703748869464
CCTCAACAGTATTGCC	Mesothelial.cells	6.63260521832338	5.51282297845338
CCTCAGTTCAGCCTTC	B.cells	-1.90287623461851	-6.42590654615905
CCTCATGCACACCTAA	Mesothelial.cells	4.58990874234072	11.9941259550617
CCTCCTCCAGCTATAC	HGSOC	5.7178546423041	13.575290315108
CCTCTAGGTCGGCTAC	B.cells	4.94495978299013	14.1234537291095
CCTCTAGGTGGTTCTA	Myeloid.cells	-13.6675642496026	3.95532798047517
CCTGTTGTCATTGCCC	Myeloid.cells	-14.0380571847833	3.62105094666932
CCTTCAGAGATTGATG	T.NK.cells	-1.59205851611265	-6.7288240266278
CCTTGTGGTCGATTAC	T.NK.cells	2.28444864693514	-7.57020700697448
CGACAGCAGACCAGCA	Fibroblasts	10.0235492223822	5.57932769532655
CGAGGAACAAGGGCAT	B.cells	-2.70222411212095	-8.30557955030944
CGAGGCTGTGATTCAC	Mast.cells	-15.5209463601983	4.48879205460999
CGAGTGCAGGCCATAG	HGSOC	4.32960524502626	12.7920280623004
CGATGCGAGCGTGTTT	T.NK.cells	2.51959683838716	-8.39278829817321
CGATGGCTCCAAATGC	T.NK.cells	1.7947405809485	-7.43576849226501
CGATGGCTCGAAACAA	T.NK.cells	NA	NA
CGCAGGTTCCTGTTAT	Myeloid.cells	-13.3234280115045	4.67309796090577
CGCCAGAGTCGATTCA	T.NK.cells	2.39874103012911	-8.07329309706237
CGGAACCGTATTGGCT	T.NK.cells	-1.2440777784265	-9.23431337599303
CGGGACTAGCCTATTG	HGSOC	5.77757849636904	12.7332559752033
CGGGCATTCAATCTTC	T.NK.cells	-1.22797021922239	-8.70301187757995
CGGGTGTCATAGGTAA	Mesothelial.cells	6.7576586240851	5.33810650582764
CGGTCAGCATAGTCAC	T.NK.cells	-0.426193452445355	-8.61903703932311
CGGTCAGTCTCCTGAC	T.NK.cells	0.305732273491534	-6.9785274339154
CGGTCAGTCTTTGGAG	T.NK.cells	2.40071048680178	-9.05466402296569
CGTAATGAGAGAATCT	uncertain	NA	NA
CGTAATGCACCTAAAC	uncertain	NA	NA
CGTCAAACAACAGATA	uncertain	NA	NA
CGTCCATAGTTGTCGT	T.NK.cells	2.39598491135469	-7.54133737806823
CGTGCTTCATGGTGGA	Endothelial.cells	8.44778313580385	5.95921956773255
CGTTAGAAGCAGGGAG	Myeloid.cells	NA	NA
CGTTAGATCTGGACCG	HGSOC	3.38288869801393	12.4140649961993
CGTTGGGCATAAGCAA	HGSOC	7.81932702008119	4.98938023324464
CGTTGGGGTCCCTGTT	Fibroblasts	9.42237105313173	5.83140050645325
CGTTGGGGTCTTTCAT	T.NK.cells	2.20859315338961	-9.55842912916686
CTAACTTGTAGACTGG	T.NK.cells	-0.91626462992796	-8.30014169935729
CTACAGAAGTAAACGT	T.NK.cells	-0.758904672232953	-9.14077699903991
CTACATTAGGAGTATT	Mesothelial.cells	6.36693921032778	4.93870150323365
CTACCTGAGGCGACAT	Mesothelial.cells	7.12725701275698	4.84079300637696
CTACCTGCAATAACGA	Mast.cells	-14.9194601541437	4.92457091088746
CTACGGGGTGAGATTA	T.NK.cells	1.88283582869402	-9.2174075913861
CTACTATAGATGCCGA	T.NK.cells	2.10635849181047	-9.61035860304382
CTACTATTCACGACTA	T.NK.cells	0.813510888250979	-8.30155790571716
CTCAACCTCTAGTACG	T.NK.cells	-0.21148917731413	-8.91136968855407
CTCAATTCAAGTGACG	HGSOC	5.09680952969423	13.3444009947345
CTCAGAAGTACAGAGC	Mast.cells	-14.8089445596612	4.74860488648866
CTCAGGGGTGTCTTCC	T.NK.cells	0.618752920063647	-9.28066576246764
CTCAGTCGTTCGAACT	HGSOC	3.59624304715029	11.9064174818561
CTCATCGCAAAGGTTA	Monocytes	-13.3321417337335	3.8635957169101
CTCCAACGTTCGGCGT	HGSOC	5.3797608846747	13.7141939329669
CTCCAACTCTGGAAGG	T.NK.cells	1.94654020014635	-8.63611639265563
CTCCATGGTACTAGCT	T.NK.cells	2.40558471623293	-8.99145735029723
CTCCATGTCCATCTGC	Mesothelial.cells	7.56106629315248	5.05779015298341
CTGAATGAGTTGAATG	T.NK.cells	-0.245979524222699	-9.25590456251647
CTGAGCGGTACCGGCT	B.cells	-3.54357800540098	-8.403617270036
CTGATCCAGTGCCAGA	Myeloid.cells	-13.7584055429376	4.94160520310853
CTGGCAGAGAGGGTAA	T.NK.cells	2.10356029215685	-7.95401037458923
CTGGCAGTCATTACCT	Mesothelial.cells	6.41448178234926	4.83890353913758
CTGTACCCACATCCCT	T.NK.cells	-0.2549088960565	-8.74997080091979
CTGTAGAAGTCGAAAT	T.NK.cells	-0.890763140288678	-9.10946787123229
CTGTGGGCAGATCACT	T.NK.cells	-1.39015040454039	-8.98579729322936
CTTACCGTCGTGGACC	Mast.cells	-15.7253263955987	4.51559769387696
CTTCAATTCCGTGGCA	T.NK.cells	-0.959788895217267	-8.24422872786071
CTTCCTTGTCCTGGGT	HGSOC	3.69878377858034	10.9240680861041
CTTCCTTGTTCATCTT	Fibroblasts	9.80572428646913	5.95926152940247
CTTCCTTTCAATGCAC	Myeloid.cells	-13.63356957492	3.87129127259705
CTTCTCTGTGGGACAT	Mast.cells	-14.535762644378	5.00819050546143
CTTCTCTTCAGAGCAG	B.cells	0.0138080352865781	-7.70976293806579
CTTGATTCAAGTGATA	Fibroblasts	9.24628748837343	5.97906147714112
CTTGATTGTGACAGGT	T.NK.cells	1.00493996682993	-8.57013548140075
GAAACCTGTGTTCATG	T.NK.cells	-0.787121749488202	-8.76112116102721
GAAACCTTCACATACG	Fibroblasts	10.0031119817816	6.08827506776307
GAAATGAGTCATATGC	HGSOC	5.77172102871767	13.8089557814166
GAACGTTTCCACGTCT	T.NK.cells	NA	NA
GAAGAATAGAGTATAC	HGSOC	4.92009606304994	13.4771085905597
GACACGCCATCCTATT	Mesothelial.cells	6.76256527844301	4.86099945779298
GACCCAGCAGCAGAAC	HGSOC	3.35064020100466	12.0391699003742
GACGCTGAGCTAATGA	Myeloid.cells	-14.5966700082696	3.8791397738025
GACGTTAGTCAAGTTC	HGSOC	3.36055102291933	12.3925090956256
GACTCAAAGAAGAGCA	T.NK.cells	0.281874083908709	-6.29472578291442
GAGAAATTCCTACACC	Fibroblasts	10.0146953100287	6.19722282166932
GAGACCCAGGCATCTT	HGSOC	3.53232302609316	10.7326818632648
GAGACCCTCAAGTAAG	T.NK.cells	0.543627404602679	-7.30276430372741
GAGCCTGGTAAGCGGT	Myeloid.cells	-14.9953478341974	3.32146977658723
GAGCCTGTCGCATAGT	Fibroblasts	9.39599146786562	5.62612997765992
GAGTCTAGTTCCAGGC	Mast.cells	-15.6366003518976	4.73093973870728
GAGTGAGTCGCATGAT	T.NK.cells	0.250486993225726	-6.74676168684509
GAGTTACTCCTGCCAT	Fibroblasts	9.72476878109804	5.38965427155946
GAGTTTGGTGTCATCA	T.NK.cells	2.35715308132997	-8.67221105818298
GATCGTACACGCCACA	T.NK.cells	-0.751178837386457	-8.16176260237243
GATGACTAGCTAGATA	Mast.cells	-14.0360258584894	5.09147536035035
GATGCTATCTCTCTTC	T.NK.cells	2.41818394604555	-8.24709356550719
GATTGGTAGCCAGACA	T.NK.cells	NA	NA
GCAACATTCTTTCCAA	Fibroblasts	9.93767275753847	6.27604066606019
GCAACCGAGAGCATCG	HGSOC	3.87982382717958	10.9921461271808
GCACATAAGACCGCCT	HGSOC	5.40952744427553	14.1919113325641
GCACATACAAGGCGTA	Mast.cells	-14.7263563638605	4.8674267458484
GCACGTGAGGTAGTAT	Myeloid.cells	-14.3277338510431	5.28991781945679
GCACTAATCGCCATAA	T.NK.cells	2.50276055279604	-8.06530893568542
GCAGCCACACTCATAG	Fibroblasts	9.24126067105165	5.38736879106019
GCCAGGTAGCGTGCTC	T.NK.cells	2.67092909756533	-7.86128366713073
GCCATTCCAGTTCCAA	Mesothelial.cells	7.14335074368349	4.92266237016175
GCCATTCTCTAGCCAA	HGSOC	4.47761573735109	13.014125459151
GCCCAGAGTGTCCATA	Mast.cells	-15.675411081878	4.23036371942017
GCCCGAACAGGCGTTC	T.NK.cells	-0.827608681289044	-8.90763128523376
GCCGTGAAGGAACATT	T.NK.cells	0.679930889042529	-8.55596578840759
GCCGTGAGTCCGGCAT	T.NK.cells	0.243949615391406	-8.30286920790221
GCCGTGATCAGCAGAG	T.NK.cells	1.14450401905409	-9.409476645036
GCGAGAAAGGGACTGT	T.NK.cells	-1.25610957202086	-8.98098600630309
GCGGAAAAGACCTCAT	Myeloid.cells	-14.9348467355646	4.14751064057801
GCGTGCATCCTTCGAC	T.NK.cells	-1.65744242724547	-7.03655279402282
GCGTGCATCTGGAAGG	uncertain	NA	NA
GCTACAATCGACCCAG	T.NK.cells	-0.927774286834088	-6.70817125563171
GCTACCTTCGAAGCAG	T.NK.cells	-0.0664173131860171	-7.28184355024841
GCTGCAGAGGATGAGA	HGSOC	5.15226139965883	13.8353544401691
GCTGCAGTCAGAACCT	Endothelial.cells	8.57984032574526	5.94522964234803
GCTGGGTCACCTGTCT	Fibroblasts	9.28694167080751	5.21341144319032
GCTTCACGTTTACACG	B.cells	-3.4500354295648	-8.44685400251891
GCTTCACTCACCTACC	T.NK.cells	-0.576763010588971	-7.63250768904235
GGAACCCGTCTCACAA	Mesothelial.cells	7.80185141507021	5.32782279725526
GGAAGTGCAACTGCCG	T.NK.cells	2.14953949395052	-8.95610464338805
GGAAGTGCACAGTACT	T.NK.cells	2.38673641625276	-8.38281954054382
GGACGTCCATTATGCG	Fibroblasts	9.28779330197206	5.82520567651246
GGAGCAAGTCGATGCC	T.NK.cells	1.56324379983774	-8.19839609388854
GGAGGTACAAACCGGA	T.NK.cells	-0.237243867484418	-9.47342146162536
GGCACGTCAGCTACTA	T.NK.cells	2.29057838860384	-9.15507353071716
GGCTTGGTCCTTTAGT	Myeloid.cells	-13.9101952081598	3.65215551133607
GGCTTTCGTTTGACAC	HGSOC	4.74151744786135	13.9932848143146
GGGACAACAATACGCT	Mesothelial.cells	6.169773721131	4.8372946905658
GGGAGATCAGATTAAG	HGSOC	3.64106025639406	11.4111648726032
GGGAGTATCCATCAGA	B.cells	-1.71286211070189	-6.55767095808532
GGGTCACCATCCAACA	T.NK.cells	0.634151750239047	-8.77612627272155
GGGTCACGTTCCAGGC	T.NK.cells	1.7735597127997	-9.40242613081481
GGGTCTGTCATGAGAA	Myeloid.cells	-14.4996574884332	4.07958173032258
GGGTGAATCGCTTGCT	Myeloid.cells	-15.446786738006	3.60882722611878
GGTAATCGTTCAAAGA	Myeloid.cells	-14.214590883819	3.97605132337067
GGTAGAGCATTCATCT	T.NK.cells	-1.0795851713098	-8.07887113813903
GGTCACGAGTATTGCC	T.NK.cells	1.9743853444182	-7.89101923231628
GGTCACGCAGATTAAG	T.NK.cells	-0.392150974837628	-8.12045324568298
GGTCTGGAGCGCCATC	Mast.cells	-15.0448225503839	4.96985685105775
GGTCTGGTCTTTGCGC	T.NK.cells	1.61848601046434	-8.77077711348083
GGTGAAGAGTAAGACT	B.cells	-2.86426672991881	-8.31212175611999
GGTGAAGGTTCAGGTT	T.NK.cells	2.72165419998995	-7.49168718580749
GGTTAACGTGGACTGA	T.NK.cells	1.52608736697069	-7.08449590925719
GGTTCTCAGTAGTCTC	Fibroblasts	9.44307246151796	6.14773570771668
GGTTGTAAGGTGCTAG	Mast.cells	-15.8526743417657	4.38851701493714
GTAAGTCGTAGTACGG	HGSOC	4.74945511761537	13.4578262495563
GTAATGCGTCCTATAG	HGSOC	3.38241090718141	11.8660494017169
GTACAGTGTTTGGAAA	Mesothelial.cells	7.66360773983827	4.93381845231507
GTAGAGGAGACGAGCT	Mesothelial.cells	6.73062481823793	5.28953658814881
GTAGGAGTCGACCACG	Fibroblasts	9.80933489743105	6.23361503358338
GTAGGTTAGTAGACCG	Mesothelial.cells	6.17566122952333	4.77266275163148
GTAGTACCAAAGCACG	T.NK.cells	0.619916074904117	-8.16136396650817
GTATTTCGTTAATCGC	Myeloid.cells	-14.4539011484064	4.52843963380311
GTCATCCAGGATTACA	T.NK.cells	-1.34711179789671	-8.56653726820495
GTCATTTTCAGCTCTC	B.cells	-13.4236124521173	3.94732152696107
GTCGAATGTGCCCGTA	T.NK.cells	2.5548930400931	-9.26569975142028
GTCGTTCCAGTGTGCC	T.NK.cells	0.867532991799029	-8.18978727583434
GTCTAGATCTCCTACG	HGSOC	4.22778501454225	12.8136278318927
GTGACGCGTACGAGTG	T.NK.cells	2.55319728794924	-9.44518411879089
GTGACGCTCGCCGTGA	Myeloid.cells	-13.4630745416559	3.82280766244386
GTGAGTTAGGGTGGGA	T.NK.cells	2.41367127838961	-7.94441831831481
GTGAGTTCAAAGCGTG	T.NK.cells	NA	NA
GTGAGTTCATCGAAGG	Fibroblasts	9.62232127133242	6.04975926156495
GTGAGTTGTGTTGACT	T.NK.cells	2.75410857144228	-7.80345857862975
GTGATGTTCTAAGGAA	T.NK.cells	2.97643353882662	-7.88694608931091
GTGCACGGTTTGAAAG	T.NK.cells	1.83945777359835	-7.351615316911
GTGCAGCGTCGGTACC	HGSOC	3.08950450363985	12.1344362425372
GTGGAGACAGAGGGTT	HGSOC	3.70874538365236	11.7615591215656
GTGTAACCATGTGTCA	HGSOC	5.82307543698183	14.4288459944293
GTGTCCTCACAGAGAC	T.NK.cells	1.71516009512773	-8.55201280836608
GTGTGATCAGCGAACA	T.NK.cells	0.382881426247272	-6.43564928297546
GTGTGGCGTCCGGCAT	Fibroblasts	9.63462080899111	5.57129608865235
GTGTGGCGTGGTTCTA	T.NK.cells	-0.700085020629254	-7.84940660719421
GTGTTAGAGAGCCTGA	T.NK.cells	0.1813065046393	-8.60501802687194
GTGTTCCTCGTGGCTG	HGSOC	3.25144805851808	11.8781410383746
GTTACGAAGCTGAGTG	B.cells	-13.5461271768487	4.50938832040284
GTTAGACAGCCGTAAG	T.NK.cells	2.55722322407595	-8.62142122511413
GTTAGTGCACGATAGG	T.NK.cells	NA	NA
GTTAGTGGTCCATCTC	T.NK.cells	-1.08334264811644	-8.82657087568786
GTTAGTGTCATGACAC	Fibroblasts	9.99336447659365	6.15090572114442
GTTCGCTAGGTTCTTG	Myeloid.cells	-14.2924650674737	3.82039009805177
GTTCGCTTCGGTAAGG	Myeloid.cells	-14.0278843408502	3.66494976754639
GTTGCGGTCATGCGGC	T.NK.cells	-0.385942316619245	-9.28369463209655
GTTGCTCGTGGGCTCT	T.NK.cells	0.320147954853686	-9.44471872572448
GTTGTGACAGTTCACA	HGSOC	4.42399873677126	13.1534820723102
GTTTACTCAACACACT	Mast.cells	-15.1977137094415	4.88462363954041
TAACACGAGCTTTGTG	Mesothelial.cells	6.27254691067568	5.32932245011781
TAACCAGAGGAACGCT	HGSOC	5.46926751080385	13.9095626997516
TAAGCACCAATGGCAG	T.NK.cells	2.51541330757967	-7.64780081038024
TAAGCACGTACAGTAA	HGSOC	5.1010538572394	13.6465393232868
TAAGCGTAGCACGTCC	B.cells	-0.978200054732648	-6.75790823225524
TAATCTCTCGTGTGGC	T.NK.cells	7.90213122311464	5.50030051942323
TACAACGGTCTCAGGC	Myeloid.cells	-15.1996458536065	4.41445123429749
TACACCCGTACGACTT	HGSOC	4.66170062962404	13.091424577193
TACATTCAGGAATTAC	Myeloid.cells	NA	NA
TACATTCGTTACCCAA	Fibroblasts	9.77966036740175	5.96444951768372
TACCCACAGACATAGT	Mesothelial.cells	6.24923863354555	4.99636446710084
TACCCGTTCGCACGGT	HGSOC	5.01754584256044	13.0948091673419
TACCGAAGTCGTTCAA	T.NK.cells	-0.136267638770429	-6.71531141523864
TACCTCGCACTAAACC	T.NK.cells	1.54989885631433	-7.85590208296325
TACGTCCGTTTCACTT	HGSOC	3.44762268010012	11.7279010939166
TACTGCCGTAGAATGT	Fibroblasts	9.6842156881415	5.92524301286195
TACTTCAAGGACACTG	Mesothelial.cells	7.42183031979433	5.31705557580445
TACTTCACAAGCCTGC	B.cells	5.92476000729433	12.8770004438922
TACTTCAGTTATGACC	T.NK.cells	3.07481768074861	-8.10512388472106
TACTTGTGTTAGGCTT	Mast.cells	-15.5947950845636	4.43742977853272
TAGACTGGTAGGTACG	Mesothelial.cells	6.34465565625063	4.67707716699097
TAGCACAAGCATAGGC	HGSOC	4.7942751878821	13.6101165937946
TAGGAGGAGAGAGAAC	T.NK.cells	-0.499282456008283	-7.43723524336364
TAGGAGGCAACACAAA	T.NK.cells	-0.570412016478864	-8.60372961287048
TAGGGTTGTAGTCTTG	Fibroblasts	9.57025160733095	5.63545119042847
TAGGTTGGTCGGAACA	T.NK.cells	0.373374604614886	-6.29632604841735
TAGTGCAGTACCTATG	Myeloid.cells	-13.4494226938165	4.44868599648927
TATACCTCACTGGCCA	B.cells	-2.57942209300169	-8.35423982862975
TATACCTTCGACATCA	B.cells	-3.43031964358458	-8.32741678480651
TATATCCCACAAGCAG	T.NK.cells	1.12128296517252	-8.04435194258239
TATTGCTCACGTAACT	Mast.cells	-15.4134462839044	4.69601451631043
TATTTCGAGTGCCCGT	Fibroblasts	9.76802744809023	5.42586385484193
TATTTCGTCCCTATTA	HGSOC	3.61616816464296	10.7944551634357
TCAAGTGTCTGTCTCG	T.NK.cells	7.71030869427553	5.20284806962464
TCAATCTCACCGGAAA	T.NK.cells	-0.779145932761518	-8.58614290480163
TCAATCTGTTCGGTCG	B.cells	-1.41377673205504	-6.74923074965026
TCAATCTGTTTCACAG	HGSOC	5.47503914776674	13.2506233381793
TCACATTAGCATCTTG	Myeloid.cells	-14.1909798150934	5.20604693170045
TCACATTGTATACGGG	B.cells	NA	NA
TCACTATAGATTAGCA	T.NK.cells	0.426116072567615	-6.56863249067809
TCACTCGGTTCAGGTT	HGSOC	4.44543304386965	12.9046922850177
TCAGTTTGTCGTGATT	T.NK.cells	1.98874964657656	-7.46365965132262
TCAGTTTGTTCGTGCG	Mesothelial.cells	6.30564036312929	4.99142133470033
TCATCCGAGGGTCAAC	T.NK.cells	-0.472643232909528	-7.03061712507751
TCATGAGAGAATAGTC	HGSOC	3.45893111172548	12.3259798216388
TCATGAGAGCCAAGGT	T.NK.cells	-1.24252591189512	-9.09657324080016
TCATGCCAGGGTACGT	T.NK.cells	-0.621084547606793	-8.97307909254577
TCATGGAAGGTTAAAC	T.NK.cells	0.374294363888415	-6.45800626997497
TCATGGAGTTGTGGAG	B.cells	-1.50931844767698	-6.44062841658141
TCATGTTCAATCAGCT	Mesothelial.cells	7.20293154660097	5.1953748392627
TCATTTGGTCTACGAT	Myeloid.cells	-15.1317575937189	4.8188427614734
TCCACGTAGTATTCCG	T.NK.cells	-0.276571608153668	-7.45590341810729
TCCAGAAAGAACCGCA	Fibroblasts	9.27728381100527	5.72533022637818
TCCATCGAGTCGCCCA	T.NK.cells	2.64222361985079	-9.47555197004821
TCCGGGAAGGTTCTTG	HGSOC	5.15883650723329	13.8889242338702
TCCGTGTCATATCTGG	Myeloid.cells	-14.067618227569	5.02653276200745
TCCTTTCGTTTAAGGA	T.NK.cells	0.291429960163745	-9.13382852797057
TCGACCTAGTGAATAC	T.NK.cells	0.419826948078784	-9.27785528425719
TCGATTTCAATGTGGG	T.NK.cells	8.7399436468207	5.5998383688495
TCGCTCAAGTATGTAG	HGSOC	3.21081938687197	11.8704267668292
TCGGATAAGCAGCACA	Fibroblasts	9.76564803067079	5.76434242005799
TCGGATATCGCCTATC	Mesothelial.cells	4.80385913792482	12.4147659468219
TCGGTCTCAGAACGCA	T.NK.cells	2.45612957421175	-9.60514200453307
TCGTCCATCGGTAACT	T.NK.cells	-0.0677267080224428	-6.53449857954528
TCTAACTGTATCAAGA	Myeloid.cells	-15.142286158172	3.87024282689545
TCTACATTCCCGTTCA	HGSOC	3.36902227345339	11.5411297010944
TCTATACAGACATACA	Fibroblasts	10.0659877294623	6.15146505113099
TCTATACCACTATCCC	uncertain	NA	NA
TCTATCACATGGGTTT	HGSOC	3.59282483998171	10.8374696898029
TCTCACGGTTAAAGTG	T.NK.cells	2.11298509779802	-9.12589109663512
TCTGCCAAGCAGCCCT	B.cells	-13.3300264840997	4.84293424363587
TCTGCCACAATGACCT	HGSOC	3.59327855053774	11.2528368162677
TCTTAGTCAAATACGA	Fibroblasts	10.0112143987738	5.80070149178956
TCTTCCTCAGCGGTCT	Mast.cells	-15.3493002420343	4.32761489625428
TCTTCCTGTCTTAGTG	T.NK.cells	1.19204575661055	-7.69572866682555
TCTTCCTTCGTGGTAT	Mast.cells	-14.1862419610895	4.76064550157044
TGACCCTGTGAATATG	HGSOC	4.91985168400637	13.6843019651935
TGAGCATCAATTGAAG	T.NK.cells	-1.0787511831201	-8.29539716963317
TGAGGAGTCGTCAAAC	Myeloid.cells	-14.3140219217218	3.69923483605836
TGAGGGAAGACCAGAC	B.cells	-1.78183827456602	-6.83323992018249
TGATCAGTCTAGGCAT	HGSOC	5.2224441999518	13.5540100264118
TGATCTTGTCTGTTAG	T.NK.cells	1.68417837563387	-8.35913599257018
TGATGCACACTTGACA	T.NK.cells	0.120402120979938	-7.57484186415221
TGATGGTAGGGTAGCT	Mesothelial.cells	6.47811522427431	5.17559277291749
TGATTCTGTCATGACT	T.NK.cells	2.08223637286058	-7.411673910661
TGCACGGTCCATTTCA	HGSOC	5.92608132305971	13.4040876555011
TGCAGATAGGAATTAC	Fibroblasts	9.98956217709413	5.89166032548402
TGCATCCTCATGGGAG	B.cells	-3.38821492251524	-8.50994146589782
TGCCGAGTCCCTCTAG	Myeloid.cells	-15.2764109140314	3.47594963784669
TGCGGCATCTCATTTG	B.cells	5.8452788824164	12.9380155729816
TGCGGGTCACCTTCGT	T.NK.cells	2.08221676293245	-9.75287664656188
TGCTCGTTCCATAAGC	HGSOC	4.02726044598452	11.6968227552936
TGCTGAAGTACCAGAG	Mast.cells	NA	NA
TGCTTCGTCACAACCA	HGSOC	3.51940312329164	11.9811464476154
TGCTTGCAGTTGCTCA	Myeloid.cells	-14.1281269555963	3.69399701829408
TGGAACTGTTATAGCC	HGSOC	5.51931109372011	13.8695055174396
TGGAGAGGTGCGACAA	T.NK.cells	0.514059447678241	-9.10509527449157
TGGAGGAAGAGGTATT	T.NK.cells	-0.293535328475324	-9.30335844282653
TGGATCACAGAACTCT	T.NK.cells	2.42982842865816	-8.08099592451598
TGGCGTGGTACTCGTA	HGSOC	5.72118344250551	13.6457029509113
TGGGAGAGTAGGTTTC	T.NK.cells	1.64510222617021	-9.52690542463805
TGGGCGTGTGCGTTTA	T.NK.cells	0.0937112802588072	-8.62868345503356
TGGGCGTTCAACACCA	HGSOC	5.28543295803896	14.2065979170368
TGGTTAGCACAACATC	T.NK.cells	-0.020206547347394	-8.72172964338805
TGGTTAGCAGGCATTT	T.NK.cells	-0.342713332740155	-8.52650869612243
TGTAACGTCGCGATCG	T.NK.cells	-1.53731951769957	-6.33048284773376
TGTAGACTCTCGACCT	Mesothelial.cells	6.1814285749518	4.86265765901063
TGTCAGATCGTGTGGC	HGSOC	NA	NA
TGTGCGGGTGCAGGAT	Myeloid.cells	-15.4084700113214	3.37936436410401
TGTGGCGTCACCCATC	T.NK.cells	2.65261855069033	-8.36481130842712
TGTTCTACAGTATGAA	T.NK.cells	1.31950905266634	-7.96236932997253
TGTTCTACAGTGGGTA	HGSOC	5.99547543469301	13.731464974837
TGTTGAGGTCCTCCTA	T.NK.cells	NA	NA
TGTTGGATCATAGGCT	T.NK.cells	-0.931446409789411	-7.48253572706725
TTACAGGCAACACACT	HGSOC	NA	NA
TTACAGGTCGGAGATG	Endothelial.cells	8.5103327268683	5.93649923081849
TTACCGCCATCACAGT	T.NK.cells	NA	NA
TTACCGCTCCGCGATG	T.NK.cells	-0.68618879374632	-6.96017111067321
TTACGCCTCCCGTGAG	HGSOC	5.18904843273989	13.4745193647907
TTAGGCACAGCGTTGC	T.NK.cells	0.529696070583972	-6.45755041365173
TTAGGGTCACTGAGGA	HGSOC	3.45268263760439	12.0491167234943
TTCACCGGTTCTCGCT	Myeloid.cells	NA	NA
TTCAGGACATCCTCAC	Myeloid.cells	-14.6007088189996	3.32020568128083
TTCATGTTCTAACGCA	T.NK.cells	-0.0278076892770205	-8.82737482313659
TTCATTGTCCGTATGA	T.NK.cells	1.4108888143622	-7.30264890913512
TTCCAATCAGCAAGAC	Mesothelial.cells	6.40097250882021	5.33423005815003
TTCCACGCACAGCTGC	HGSOC	5.81058802548281	13.8751579451129
TTCCTAAAGCTGTTAC	T.NK.cells	-1.03042659815916	-8.15133798841979
TTCCTAATCGGACGTC	T.NK.cells	-1.36555299815306	-8.72823751692321
TTCTAGTAGCGTGTTT	HGSOC	3.47430553379885	11.0209690260455
TTCTCTCTCCAGTGTA	HGSOC	5.36445679608217	13.1744619535968
TTGACCCGTACTGAGG	T.NK.cells	0.670148783358249	-6.5869954896405
TTGATGGTCGGCTCTT	Mast.cells	-15.3274992471612	4.73283969636414
TTGCATTAGTCATCGT	T.NK.cells	0.676289790304812	-9.39492262129333
TTGCATTGTTGCACGC	T.NK.cells	-0.935069180098859	-7.97473848585632
TTGCCTGCACGCTATA	Fibroblasts	8.38067307415834	5.25795661683533
TTGGATGAGCATTTCG	Myeloid.cells	-14.3957661157525	4.37346779580567
TTGGGATAGGTTTACC	Myeloid.cells	-14.9069574838556	3.16299878831361
TTGGGATGTTATGGTC	Mesothelial.cells	6.62637057247988	4.54526626344178
TTGGTTTAGTGGACGT	T.NK.cells	-0.0860672956384096	-7.79467714552428
TTGTGGAGTTTCCCAC	HGSOC	4.61097636166445	13.2948824095294
TTGTTCACACGGTGAA	T.NK.cells	-0.832713938323346	-8.40398729567077
TTGTTGTTCAAAGAAC	T.NK.cells	1.92944409790865	-9.24269617323425
TTTACGTGTTAGGCTT	Myeloid.cells	-14.7066057687677	3.75977980370972
TTTCACAGTTGCATCA	T.NK.cells	-0.931510782805768	-8.74540079359557
TTTCACAGTTGCTCGG	T.NK.cells	2.55734398308626	-8.94736803297546
TTTCGATGTCACAATC	HGSOC	4.03004016819826	12.3036638426349
TTTGACTGTGCTGCAC	HGSOC	4.35970177594057	12.7028146910236
TTTGATCAGTTCGCAT	T.NK.cells	-0.900343514052716	-9.00817144636657
TTTGTTGCAGGGAGAG	Fibroblasts	9.34617247525087	5.43797718759034
TTTGTTGTCGCAGTGC	T.NK.cells	0.337748491200122	-7.5051912141278
